STATION_ID,STATION_NAME,LAT,LON,CAPACITY,NUM_BIKES_AVAILABLE,NUM_DOCKS_AVAILABLE,OCCUPATION_RATIO,TOTAL_CAPACITY,RATIO
1,"GRAN VIA CORTS CATALANES, 760",41.3979779,2.1801069,45,4,39,0.0889,45,0.0889
2,"C/ ROGER DE FLOR, 126",41.3954877,2.1771985,29,2,23,0.0690,29,0.0690
3,"C/ NÀPOLS, 82",41.3941557,2.1813305,27,23,3,0.8519,27,0.8519
4,"C/ RIBES, 13",41.3933173,2.1812483,21,5,16,0.2381,21,0.2381
5,"PG. LLUIS COMPANYS, 11 (ARC TRIOMF)",41.3911035,2.1801763,39,6,33,0.1538,39,0.1538
6,"PG. LLUIS COMPANYS, 18 (ARC TRIOMF)",41.3914292,2.1805685,39,18,17,0.4615,39,0.4615
7,"PG. PUJADES,  1 (JUTJATS)",41.3888850,2.1832900,27,23,3,0.8519,27,0.8519
8,"PG. PUJADES, 2",41.3891350,2.1834890,27,23,0,0.8519,27,0.8519
9,"AV. MARQUÉS DE L'ARGENTERA,13",41.3845460,2.1849220,27,18,8,0.6667,27,0.6667
10,"C/ 60, NÚMERO 25",41.3467746,2.1436235,43,20,23,0.4651,43,0.4651
11,"PG. MARITIM, 11 (DAVANT PL. BRUGADA)",41.3812425,2.1933482,35,30,3,0.8571,35,0.8571
12,"PG. MARITIM, 23 (HOSPITAL DEL MAR)",41.3833653,2.1946255,26,6,15,0.2308,26,0.2308
13,"C/ MARINA, 25-33",41.3881430,2.1955510,54,35,18,0.6481,54,0.6481
14,"AV. MARQUÉS DE  L'ARGENTERA, 15",41.3848440,2.1850850,27,20,5,0.7407,27,0.7407
15,"C/ DIPUTACIÓ, 272",41.3916117,2.1689032,27,5,22,0.1852,27,0.1852
17,"AV. MERIDIANA, 47 (D)",41.3982615,2.1866517,42,33,6,0.7857,42,0.7857
18,"C/ ROSSELLÓ, 453",41.4060589,2.1740472,27,1,25,0.0370,27,0.0370
19,"C/ ROSSELLÓ, 354",41.4031491,2.1707947,30,0,12,0.0000,30,0.0000
20,"C/ CARTAGENA, 308",41.4103140,2.1757334,18,9,9,0.5000,18,0.5000
21,"C/ SANT ANTONI MARIA CLARET, 214",41.4108439,2.1740575,21,1,19,0.0476,21,0.0476
22,"C/ SARDENYA, 292",41.4016969,2.1757670,19,7,9,0.3684,19,0.3684
23,"C/ BRUC, 45",41.3924661,2.1717397,27,6,20,0.2222,27,0.2222
24,"C/ MARINA, 199",41.4005784,2.1788855,39,3,35,0.0769,39,0.0769
25,"C/ BRUC, 102",41.3954041,2.1681961,21,0,21,0.0000,21,0.0000
26,"C/ DOS DE MAIG, 230-232",41.4071692,2.1820722,18,7,9,0.3889,18,0.3889
27,"C/ PROVENÇA, 322",41.3967524,2.1646338,21,3,18,0.1429,21,0.1429
28,"C/ SARDENYA, 362",41.4055143,2.1706498,23,0,20,0.0000,23,0.0000
29,"C/ PROVENÇA, 388-390",41.4010610,2.1699410,23,5,15,0.2174,23,0.2174
30,"C/ CASTILLEJOS, 184",41.4021805,2.1829894,29,2,26,0.0690,29,0.0690
31,PL. DEL MAR,41.3748001,2.1889045,18,11,6,0.6111,18,0.6111
32,LA BARCELONETA (CN BARCELONETA),41.3736911,2.1889280,15,3,9,0.2000,15,0.2000
33,"C/ PONTEVEDRA, 58B | C/ JUDICI",41.3768600,2.1906700,21,11,9,0.5238,21,0.5238
34,"C/ SANT PERE MÉS ALT, 4",41.3871079,2.1753364,21,4,17,0.1905,21,0.1905
35,"C/ SANT RAMON DE PENYAFORT, 1",41.4134833,2.2206913,54,48,4,0.8889,54,0.8889
36,"AV. DE LA CATEDRAL, 6",41.3850616,2.1766834,21,14,6,0.6667,21,0.6667
37,PG. DE COLOM - VIA LAIETANA,41.3806240,2.1820675,24,19,1,0.7917,24,0.7917
39,PL. PAU VILA (D),41.3810460,2.1865760,44,36,0,0.8182,44,0.8182
40,"C/ DOCTOR AIGUADER, 2",41.3823350,2.1870930,18,17,0,0.9444,18,0.9444
41,PL. POETA BOSCÀ | C/ ATLÀNTIDA,41.3793260,2.1899060,25,12,10,0.4800,25,0.4800
42,"C/ CIUTAT DE GRANADA, 168 | AV. DIAGONAL",41.4045110,2.1898810,24,8,9,0.3333,24,0.3333
43,"C/ CLOT, 1",41.4063864,2.1874404,27,13,12,0.4815,27,0.4815
45,"C/ SARDENYA, 66",41.3914660,2.1893710,27,22,2,0.8148,27,0.8148
46,"C/ VILLENA, 1",41.3886066,2.1921945,54,53,1,0.9815,54,0.9815
47,"C/ RAMON TRIAS FARGAS, 21",41.3902194,2.1904003,47,0,3,0.0000,47,0.0000
48,"AV. MERIDIANA, 40",41.3960652,2.1871959,21,17,0,0.8095,21,0.8095
49,"C/ ROSA SENSAT, 20",41.3910756,2.1965766,21,5,14,0.2381,21,0.2381
50,"AV. PARAL.LEL, 54",41.3751145,2.1709386,18,14,2,0.7778,18,0.7778
51,PL. VICENÇ MARTORELL,41.3842634,2.1692556,20,18,2,0.9000,20,0.9000
52,"PL. SANT MIQUEL, 4",41.3817080,2.1772920,32,27,3,0.8438,32,0.8438
53,PL. CARLES PI I SUNYER,41.3850860,2.1740160,21,3,16,0.1429,21,0.1429
54,"C/ SANT OLEGUER, 2",41.3775319,2.1707321,19,11,7,0.5789,19,0.5789
55,"LA RAMBLA, 80",41.3811923,2.1735007,19,17,1,0.8947,19,0.8947
56,"PORTAL DE SANTA MADRONA, 2-4",41.3770715,2.1758261,27,20,3,0.7407,27,0.7407
57,"LA RAMBLA, 2 (MUSEO DE CERA)",41.3771870,2.1767570,25,23,2,0.9200,25,0.9200
58,PLAÇA DELS ÀNGELS (MACBA),41.3826800,2.1671200,43,28,13,0.6512,43,0.6512
61,"C/ ARAGÓ, 288",41.3935200,2.1667970,20,3,13,0.1500,20,0.1500
66,"GRAN VIA DE LES CORTS CATALANES, 609",41.3893222,2.1678388,16,11,4,0.6875,16,0.6875
67,"C/ ROCAFORT, 214 | C/ ROSSELLÓ",41.3852864,2.1454802,24,1,21,0.0417,24,0.0417
69,"CARRER DE LA MARINA,25-33",41.3885070,2.1950730,43,23,17,0.5349,43,0.5349
70,"C/ COMTE URGELL, 23",41.3803930,2.1606506,27,5,20,0.1852,27,0.1852
71,"C/ FLORIDABLANCA, 145",41.3819459,2.1629146,21,12,5,0.5714,21,0.5714
72,"UAB - C/ PROVENÇA, 215",41.3927771,2.1586273,27,7,17,0.2593,27,0.2593
73,"C/ ENRIC GRANADOS, 93",41.3921350,2.1563542,26,22,3,0.8462,26,0.8462
74,"AV. JOSEP TARRADELLAS, 133",41.3900085,2.1432105,15,1,14,0.0667,15,0.0667
75,"AV. JOSEP TARRADELLAS, 58",41.3850040,2.1429115,21,5,14,0.2381,21,0.2381
76,"C/ CÒRSEGA, 216",41.3917666,2.1532163,32,19,12,0.5938,32,0.5938
77,"AV. FRANCESC CAMBÓ, 10",41.3855644,2.1773214,24,21,2,0.8750,24,0.8750
78,PL. UNIVERSITAT /  ARIBAU,41.3856474,2.1634306,27,22,1,0.8148,27,0.8148
79,PL.  UNIVERSITAT,41.3855030,2.1634768,24,19,1,0.7917,24,0.7917
80,"C/ ENRIC  GRANADOS, 35",41.3896680,2.1599078,21,13,2,0.6190,21,0.6190
81,"C/ VILAMARÍ,  61",41.3790718,2.1490553,21,7,8,0.3333,21,0.3333
82,"C/ CALÀBRIA, 112",41.3803181,2.1544371,40,10,26,0.2500,40,0.2500
83,"C/ CALABRIA, 158",41.3821658,2.1520645,24,6,15,0.2500,24,0.2500
84,Westfield Glòries- C/ DEL COMTE D'URGELL 75 B,41.3830299,2.1571646,26,10,14,0.3846,26,0.3846
85,"AV. PARAL·LEL, 146 BIS",41.3751852,2.1592394,40,8,31,0.2000,40,0.2000
86,"C/ VILADOMAT,  2",41.3755747,2.1629349,27,8,17,0.2963,27,0.2963
87,"C/ ROCAFORT, 187",41.3832224,2.1479932,25,4,19,0.1600,25,0.1600
88,"C/ LONDRES, 101-103",41.3936144,2.1507739,20,12,7,0.6000,20,0.6000
89,"C/ ROSSELLÓ,  101",41.3879131,2.1503420,27,0,23,0.0000,27,0.0000
90,"C/ ROSSELLÓ, 108-110",41.3882960,2.1508780,18,8,8,0.4444,18,0.4444
91,"C/ COMTE D'URGELL, 43",41.3812504,2.1594741,35,7,28,0.2000,35,0.2000
92,"C / PROVENÇA, 241",41.3938861,2.1601641,18,2,13,0.1111,18,0.1111
94,"GRAN VIA DE LES CORTS CATALANES,375",41.3757914,2.1499102,48,44,1,0.9167,48,0.9167
95,"C/ TARRAGONA, 103-115",41.3763948,2.1473272,33,24,8,0.7273,33,0.7273
96,"GRAN VIA DE LES CORTS CATALANES,  368",41.3741093,2.1481993,21,7,11,0.3333,21,0.3333
97,"C/ TARRAGONA, 141",41.3779613,2.1450491,21,7,12,0.3333,21,0.3333
98,"C/ VIRIAT, 43",41.3806074,2.1408633,21,0,19,0.0000,21,0.0000
99,"C/ VIRIAT,  53",41.3808222,2.1415390,21,1,20,0.0476,21,0.0476
100,"C/ TARRAGONA,  159-173",41.3793630,2.1438680,22,6,15,0.2727,22,0.2727
101,"AV. DIAGONAL,  602",41.3928780,2.1434110,24,1,20,0.0417,24,0.0417
102,"AV. DIAGONAL,  612",41.3925670,2.1422174,24,1,22,0.0417,24,0.0417
103,"C/ ARAGÓ, 629",41.4100980,2.1884487,21,0,20,0.0000,21,0.0000
104,"C/ VALÈNCIA,  621",41.4108005,2.1872438,26,2,19,0.0769,26,0.0769
105,"RDA. DE SANT PERE, 26",41.3894920,2.1742500,21,6,11,0.2857,21,0.2857
106,"PL  JOANIC - C / BRUNIQUER, 59",41.4055198,2.1622548,19,11,6,0.5789,19,0.5789
107,"TRAV. DE GRÀCIA, 92 / VIA AUGUSTA",41.3982304,2.1531031,20,11,7,0.5500,20,0.5500
108,"C / INDÚSTRIA, 10",41.4022081,2.1649035,21,5,14,0.2381,21,0.2381
109,"C/ LONDRES,  53",41.3912605,2.1476308,24,1,19,0.0417,24,0.0417
110,"AV. ROMA,  136",41.3852585,2.1550890,21,6,15,0.2857,21,0.2857
111,C/ ARAGÓN 147,41.3847528,2.1546746,19,11,7,0.5789,19,0.5789
112,"C/ FLORIDABLANCA,  49",41.3776721,2.1572330,20,8,10,0.4000,20,0.4000
113,"RONDA DE SANT PAU , 51",41.3773113,2.1646742,34,14,18,0.4118,34,0.4118
114,"PL. JEAN GENET,  1",41.3767350,2.1740082,20,16,0,0.8000,20,0.8000
115,"AV. MARQUÉS DE L'ARGENTERA,  3",41.3835970,2.1841710,21,13,8,0.6190,21,0.6190
116,"C/ DEL DR. AIGUADER, 72 / PG. SALVAT",41.3838369,2.1914756,27,24,0,0.8889,27,0.8889
117,"C/ ROSA SENSAT, 12",41.3906051,2.1972309,21,14,7,0.6667,21,0.6667
118,"C/ PUJADES,  3",41.3921200,2.1874966,27,17,8,0.6296,27,0.6296
119,"C/ SARDENYA,  178",41.3967169,2.1825085,39,8,30,0.2051,39,0.2051
120,"C/ LEPANT,  278",41.4047056,2.1765126,21,1,20,0.0476,21,0.0476
121,"C/ CASTILLEJOS, 258",41.4064529,2.1785364,21,1,19,0.0476,21,0.0476
122,"C/ NÀPOLS, 344",41.4054458,2.1663172,33,2,31,0.0606,33,0.0606
123,"C/ PROVENÇA, 317",41.3988184,2.1667352,21,1,17,0.0476,21,0.0476
124,C/ NOVA  BOCANA,41.3702483,2.1878126,31,0,25,0.0000,31,0.0000
125,"PG. MARíTIM, 31 B (ANNEXA A LA  12)",41.3834753,2.1947350,21,7,14,0.3333,21,0.3333
126,PG. DE COLOM /VIA LAIETANA,41.3806280,2.1822815,23,21,1,0.9130,23,0.9130
127,"C/ ARAGÓ, 659 / NAVAS DE TOLOSA",41.4120681,2.1907524,27,1,26,0.0370,27,0.0370
128,"RAMBLA DE GUIPÚSCOA, 43/FLUVIÀ",41.4158412,2.1959771,43,30,11,0.6977,43,0.6977
129,"C/ MANSO, 46",41.3770460,2.1611361,23,13,9,0.5652,23,0.5652
130,"RAMBLA DE GUIPÚSCOA, 103 / CANTÀBRIA",41.4200135,2.2016699,24,21,3,0.8750,24,0.8750
131,"RAMBLA  DE GUIPÚSCOA, 158/ CA N'OLIVA",41.4227912,2.2060317,29,13,15,0.4483,29,0.4483
132,PL. VALENTÍ ALMIRALL,41.4084796,2.1920420,27,16,10,0.5926,27,0.5926
133,"GRAN VIA DE LES CORTS CATALANES,  902",41.4075013,2.1930174,16,10,3,0.6250,16,0.6250
134,"C/ BAC DE RODA, 157",41.4113024,2.1987258,21,17,3,0.8095,21,0.8095
135,"GRAN VIA DE LES CORTS CATALANES,  981",41.4120452,2.1972673,21,13,8,0.6190,21,0.6190
136,"GRAN VIA DE LES CORTS CATALANES,  1062",41.4139298,2.2017955,31,15,16,0.4839,31,0.4839
137,"GRAN VIA DE LES CORTS CATALANES , 1041",41.4145805,2.2008139,25,9,14,0.3600,25,0.3600
138,"GRAN VIA DE LES CORTS CATALANES,  1118",41.4167933,2.2058345,21,6,13,0.2857,21,0.2857
139,"GRAN VIA DE LES CORTS CATALANES,  1131",41.4183999,2.2058133,35,9,24,0.2571,35,0.2571
141,"C/ BILBAO, 174",41.4090202,2.1954152,32,21,11,0.6563,32,0.6563
142,"C/ SANCHO DE ÁVILA,  104 - C/ BADAJOZ",41.4003793,2.1924144,40,37,0,0.9250,40,0.9250
143,"C/ SANCHO DE ÁVILA, 170 / LLACUNA",41.4027907,2.1956161,26,19,2,0.7308,26,0.7308
144,"Westfield Glòries-C/ CASTELLA,  28 / DIAGONAL",41.4056269,2.1977119,27,0,26,0.0000,27,0.0000
145,"C/ PERE IV,  301 / FLUVIÀ",41.4093405,2.2024461,27,19,6,0.7037,27,0.7037
146,"C/ PERE IV, 488",41.4148983,2.2071860,24,3,19,0.1250,24,0.1250
147,"RAMBLA PRIM, 79",41.4160430,2.2124993,33,23,9,0.6970,33,0.6970
148,"RONDA SANT PAU, 79",41.3783467,2.1633139,27,25,1,0.9259,27,0.9259
149,"C/ PUJADES, 57B",41.3958685,2.1929520,27,22,3,0.8148,27,0.8148
150,"C/ ESPRONCEDA, 124",41.4065912,2.2030280,27,11,15,0.4074,27,0.4074
151,"C/ PALLARS, 182",41.4003471,2.1969105,31,28,2,0.9032,31,0.9032
152,"C/ PUJADES, 121",41.3993329,2.1974184,31,28,2,0.9032,31,0.9032
153,"C/ PUJADES, 173/RBLA POBLE NOU",41.4018686,2.2007700,23,20,0,0.8696,23,0.8696
154,"C/ PUJADES, 191",41.4026275,2.2017694,32,26,5,0.8125,32,0.8125
155,"C/ PUJADES, 311/ FLUVIÀ",41.4070139,2.2074469,32,22,9,0.6875,32,0.6875
156,"C/ SELVA DE MAR, 46",41.4091355,2.2088179,27,12,14,0.4444,27,0.4444
157,"C/ LLULL, 465",41.4132316,2.2177652,33,30,3,0.9091,33,0.9091
158,"RAMBLA DE PRIM, 19",41.4116634,2.2183313,31,27,2,0.8710,31,0.8710
159,"AV. DIAGONAL, 26",41.4110822,2.2163136,36,30,3,0.8333,36,0.8333
160,"AV. D'EDUARD MARISTANY, 1 /FORUM",41.4109763,2.2193724,33,30,0,0.9091,33,0.9091
161,"C/ RAMON TURRÓ, 91",41.3953011,2.1965965,27,23,1,0.8519,27,0.8519
162,"C/ RAMON TURRÓ, 292",41.4038559,2.2084257,27,16,11,0.5926,27,0.5926
163,"AV. ICÀRIA, 202",41.3942108,2.2008756,27,7,16,0.2593,27,0.2593
164,"C/ INDEPENDÈNCIA, 379",41.4118378,2.1778852,27,7,18,0.2593,27,0.2593
165,"C/ DEL DOCTOR TRUETA, 222",41.3992169,2.2041415,27,18,7,0.6667,27,0.6667
166,"C/ BILBAO, 2",41.4008312,2.2066450,27,25,1,0.9259,27,0.9259
167,"C/ BAC DE RODA, 11",41.4023354,2.2105777,21,17,3,0.8095,21,0.8095
168,SELVA DE MAR / PG. DEL TAULAT,41.4053697,2.2135818,27,23,3,0.8519,27,0.8519
170,"AV. LITORAL, 40 (D)",41.3896642,2.1999572,53,15,39,0.2830,53,0.2830
171,"AV. LITORAL, 172",41.3919877,2.2037136,54,4,45,0.0741,54,0.0741
173,"AV.LITORAL, 84",41.3979002,2.2088454,27,7,20,0.2593,27,0.2593
174,"PG. DE GARCIA FÀRIA, 21/ESPRONCEDA",41.4006540,2.2101910,27,21,4,0.7778,27,0.7778
175,"C/ LLULL, 309",41.4065291,2.2091221,27,26,0,0.9630,27,0.9630
176,"PG. DE GARCIA FÀRIA, 37/JOSEP FERRATER",41.4032160,2.2136000,31,25,6,0.8065,31,0.8065
177,"C/ ROSSELLÓ, 557",41.4110754,2.1809764,38,4,34,0.1053,38,0.1053
178,"PG. DE GARCIA FÀRIA, 85",41.4053649,2.2162094,27,25,1,0.9259,27,0.9259
179,"PG. ZONA FRANCA, 244",41.3635200,2.1369015,16,10,4,0.6250,16,0.6250
180,"GRAN VIA DE LES CORTS CATALANES, 179 (D)",41.3675574,2.1388216,51,3,46,0.0588,51,0.0588
182,"C/ SANT PERE D´ABANTO, 2",41.3713660,2.1435650,33,11,21,0.3333,33,0.3333
183,"C/ GAVÀ, 1",41.3723682,2.1419494,30,8,21,0.2667,30,0.2667
184,"C/ QUETZAL, 22-24",41.3675438,2.1342316,27,4,23,0.1481,27,0.1481
185,"C/GAVÀ, 81",41.3703717,2.1389439,17,4,13,0.2353,17,0.2353
186,"C/CONSELL DE CENT, 6",41.3755503,2.1439036,26,8,18,0.3077,26,0.3077
187,"C/ DE SANT PAU, 89 - 97",41.3768806,2.1698206,19,17,2,0.8947,19,0.8947
188,PG. SANT ANTONI /PL. SANTS,41.3756948,2.1358571,27,3,21,0.1111,27,0.1111
189,"C/ BRUC, 130",41.3969839,2.1661852,28,0,28,0.0000,28,0.0000
190,"AV. LITORAL, 72",41.3961412,2.2078439,29,4,25,0.1379,29,0.1379
191,"C/ ENTENÇA, 137",41.3819510,2.1474740,37,5,29,0.1351,37,0.1351
192,"C/ JOAN GÜELL, 50",41.3786364,2.1335494,21,0,20,0.0000,21,0.0000
193,"C/ FÍGOLS, 1",41.3812979,2.1289917,27,2,25,0.0741,27,0.0741
194,"C/ JOAN GÜELL, 98",41.3812001,2.1323612,24,0,24,0.0000,24,0.0000
195,"C/ VALLESPIR, 130",41.3821371,2.1354149,27,0,27,0.0000,27,0.0000
196,"C/ BERLÍN, 38",41.3832609,2.1392662,27,2,22,0.0741,27,0.0741
197,"C/ GELABERT, 1",41.3871579,2.1410945,27,6,20,0.2222,27,0.2222
198,"C/ VALLESPIR, 194",41.3847113,2.1334379,27,2,23,0.0741,27,0.0741
199,"C/ MEJÍA LEQUERICA, 2",41.3819739,2.1268625,27,2,24,0.0741,27,0.0741
200,"C/ JOAN GÜELL, 174",41.3839045,2.1312876,23,1,23,0.0435,23,0.0435
201,"C/ NUMÀNCIA, 136",41.3878061,2.1344218,24,1,22,0.0417,24,0.0417
202,"C/ DE LES CORTS, 20",41.3854466,2.1288753,27,0,26,0.0000,27,0.0000
203,"AV. DIAGONAL, 668",41.3887069,2.1285766,33,2,30,0.0606,33,0.0606
204,"AV. DIAGONAL, 672",41.3880355,2.1256248,33,3,29,0.0909,33,0.0909
205,"C/ EUROPA, 25",41.3875610,2.1306737,33,7,25,0.2121,33,0.2121
206,"UAB - AV. DIAGONAL, 650",41.3897943,2.1328634,33,0,31,0.0000,33,0.0000
207,"AV. DIAGONAL, 634",41.3908477,2.1365790,25,3,18,0.1200,25,0.1200
208,"AV. DIAGONAL, 630",41.3915195,2.1390667,33,1,29,0.0303,33,0.0303
209,"C/ DIPUTACIÓ, 200",41.3857425,2.1610515,26,15,9,0.5769,26,0.5769
210,"C/ VILARDELL, 18",41.3745238,2.1422556,31,6,25,0.1935,31,0.1935
211,"C/ SANCHO DE ÁVILA, 60-64",41.3987543,2.1902116,28,26,1,0.9286,28,0.9286
212,"AV. SARRIÀ, 163",41.3922355,2.1309272,24,3,21,0.1250,24,0.1250
213,"C/ SANTA FE DE NOU MÈXIC, 2",41.3935816,2.1345892,33,1,32,0.0303,33,0.0303
214,"C/ JOSÉ DE  AGULLÓ, 9",41.3952027,2.1334873,25,4,21,0.1600,25,0.1600
215,"C/ GANDUXER, 29",41.3939378,2.1380304,21,3,18,0.1429,21,0.1429
216,"C/ MADRAZO, 131",41.3967824,2.1445567,27,2,24,0.0741,27,0.0741
217,"C/ RECTOR UBACH, 24",41.3985735,2.1440826,27,0,24,0.0000,27,0.0000
218,"C/ CONSELL DE CENT, 566",41.4040364,2.1831450,39,5,31,0.1282,39,0.1282
219,"C/ LAFORJA, 74-76",41.3976165,2.1471724,23,2,20,0.0870,23,0.0870
220,"C/ TUSET, 19",41.3960982,2.1513154,27,14,12,0.5185,27,0.5185
221,"GRAN DE GRÀCIA, 155 (METRO FONTANA)",41.4025392,2.1524704,24,5,17,0.2083,24,0.2083
222,"C/ DEL CANÓ, 1",41.4013296,2.1574439,27,6,19,0.2222,27,0.2222
223,"C/ DE BONAVISTA, 14",41.3983444,2.1598243,36,5,30,0.1389,36,0.1389
224,"C / GIRONA, 176",41.3999967,2.1644531,26,1,24,0.0385,26,0.0385
225,"C/ VILADOMAT, 200",41.3848102,2.1508071,25,3,20,0.1200,25,0.1200
226,"C/ MONTMANY, 1",41.4035608,2.1609345,27,9,15,0.3333,27,0.3333
227,"C/ DEL TORRENT DE LES FLORS, 102",41.4078456,2.1586704,18,2,15,0.1111,18,0.1111
228,"PL. DEL NORD, 5",41.4068417,2.1558354,21,8,12,0.3810,21,0.3810
229,"C/ DE LA SANTACREU, 2 (PL.DE LA VIRREIN",41.4050968,2.1569161,28,11,16,0.3929,28,0.3929
230,"C/ DE NIL FABRA, 16-20",41.4059356,2.1517977,26,1,25,0.0385,26,0.0385
231,"C/ PAU ALSINA, 54",41.4092005,2.1640029,24,3,20,0.1250,24,0.1250
232,"C/ MATA, 2",41.3732903,2.1710273,27,18,8,0.6667,27,0.6667
233,"C/ NOU DE LA RAMBLA, 164",41.3719688,2.1667829,27,9,18,0.3333,27,0.3333
234,"PG. DE L´EXPOSICIÓ, 38 /BLASCO GARAY",41.3715320,2.1622030,27,6,20,0.2222,27,0.2222
235,"AV. PARAL.LEL, 98",41.3751767,2.1658972,21,16,3,0.7619,21,0.7619
236,"AV. PARAL.LEL, 194",41.3751161,2.1523091,26,6,19,0.2308,26,0.2308
237,"C/ RIUS I TAULET, 4",41.3727426,2.1539198,27,9,18,0.3333,27,0.3333
238,"C/ ESPRONCEDA, 298",41.4158807,2.1908473,27,10,15,0.3704,27,0.3704
239,"C/ INDÚSTRIA, 329",41.4172922,2.1844769,35,3,30,0.0857,35,0.0857
240,"C/ JOSEP ESTIVILL, 32",41.4175595,2.1877153,27,6,19,0.2222,27,0.2222
241,"C/ TEODOR LLORENTE, 1",41.4191780,2.1801800,33,0,33,0.0000,33,0.0000
242,"C/ RAMON ALBÓ, 1",41.4244527,2.1773157,27,3,24,0.1111,27,0.1111
243,"C/ ALEXANDRE GALÍ, 1-5",41.4239719,2.1812399,27,4,22,0.1481,27,0.1481
244,"C/ FELIP II, 214",41.4269250,2.1786224,27,5,20,0.1852,27,0.1852
245,"LA RAMBLA, 101",41.3826647,2.1717083,26,22,3,0.8462,26,0.8462
246,"Westfield La Maquinista - C/ GARCILASO, 77",41.4228449,2.1866363,18,4,12,0.2222,18,0.2222
247,"C/ FELIPE II, 112",41.4219291,2.1849107,32,1,31,0.0313,32,0.0313
248,"C/ PALÈNCIA, 31",41.4182129,2.1904005,26,13,12,0.5000,26,0.5000
249,"C/ ANTILLES, 8",41.4250835,2.1872818,27,6,19,0.2222,27,0.2222
250,"C/ PORTUGAL, 3",41.4258248,2.1912060,27,6,19,0.2222,27,0.2222
251,"C/ CARDENAL TEDESCHINI, 13",41.4253643,2.1852073,33,1,31,0.0303,33,0.0303
252,"RAMBLA DE L'ONZE DE SETEMBRE, 31",41.4298991,2.1932159,33,24,9,0.7273,33,0.7273
253,"C/ ONZE DE SETEMBRE, 37-39",41.4298614,2.1922011,27,16,11,0.5926,27,0.5926
254,"RAMBLA DE L'ONZE DE SETEMBRE, 69",41.4299999,2.1902460,26,13,12,0.5000,26,0.5000
255,"C/ IRLANDA, 34",41.4315000,2.1857900,15,11,3,0.7333,15,0.7333
256,"C/ MALATS, 28-30",41.4361251,2.1894423,31,25,7,0.8065,31,0.8065
257,"C/ SANT ADRIÀ, 2-8",41.4339340,2.1896502,24,16,7,0.6667,24,0.6667
258,"C/ FERNANDO PESSOA, 45",41.4425034,2.1929677,26,14,13,0.5385,26,0.5385
259,"C/ DE BARTRINA, 14",41.4391174,2.1858025,24,6,17,0.2500,24,0.2500
260,"CARRER DEL CINCA, 7",41.4356895,2.1920873,27,7,17,0.2593,27,0.2593
261,"C/ VILLARROEL, 39",41.3821314,2.1606534,32,4,28,0.1250,32,0.1250
262,"C/ ENTENÇA, 70",41.3790955,2.1516210,24,3,20,0.1250,24,0.1250
263,"PG. TORRAS I BAGES, 29",41.4378773,2.1910691,20,4,16,0.2000,20,0.2000
264,"C/REPÚBLICA DOMINICANA,25(CENTRE COMERC",41.4399290,2.1970692,33,30,3,0.9091,33,0.9091
265,"C/ CASANOVA, 55",41.3847738,2.1592566,27,9,16,0.3333,27,0.3333
266,"C/ CONCEPCIÓ ARENAL, 176",41.4268952,2.1842572,26,8,18,0.3077,26,0.3077
267,"PG. TORRAS I BAGES, 129",41.4433647,2.1906302,24,15,8,0.6250,24,0.6250
268,"C/ FERNANDO PESSOA, 72",41.4457195,2.1929816,27,4,23,0.1481,27,0.1481
269,"VIA BARCINO, 121",41.4481520,2.1929400,20,6,14,0.3000,20,0.3000
270,"CRTA. DE RIBES, 77 (TRINITAT VELLA)",41.4486328,2.1898372,27,15,12,0.5556,27,0.5556
271,"VIA BARCINO, 69",41.4506081,2.1923629,20,13,7,0.6500,20,0.6500
272,"C/ CONCEPCIÓ ARENAL, 281",41.4325013,2.1842021,27,5,21,0.1852,27,0.1852
273,"Westfield La Maquinista -  AV. MERIDIANA, 404",41.4304126,2.1834174,36,3,32,0.0833,36,0.0833
274,"RAMBLA FABRA I PUIG, 67",41.4299201,2.1849813,32,12,20,0.3750,32,0.3750
275,"AV. RIO DE JANEIRO, 3",41.4306800,2.1821802,32,8,23,0.2500,32,0.2500
276,PLAÇA ALFONS X EL SAVI / RONDA DEL GUIN,41.4121345,2.1652216,27,1,24,0.0370,27,0.0370
277,"TRAVESSERA DE GRÀCIA, 328",41.4082107,2.1689962,27,1,26,0.0370,27,0.0370
278,"TRAVESSERA DE GRÀCIA, 368",41.4098842,2.1715285,27,0,25,0.0000,27,0.0000
279,"C/ MAS CASANOVAS, 137",41.4158995,2.1745567,27,7,19,0.2593,27,0.2593
280,"C/ SANT ANTONI Mª CLARET, 290-296",41.4138664,2.1777274,27,0,26,0.0000,27,0.0000
281,"C/ D'ESCORNALBOU, 51",41.4180789,2.1763994,24,2,21,0.0833,24,0.0833
282,"PG. FONT D´EN- FARGAS, 1",41.4275514,2.1659881,27,18,9,0.6667,27,0.6667
283,"C/ FULTON, 1",41.4297231,2.1617032,20,3,17,0.1500,20,0.1500
284,"AV. DIAGONAL, 652",41.3894620,2.1314948,27,0,27,0.0000,27,0.0000
285,"C/ MALATS, 98-100",41.4366708,2.1861050,15,1,13,0.0667,15,0.0667
286,"C/ BOLÍVIA, 76",41.4030225,2.1913538,18,12,2,0.6667,18,0.6667
287,"GRAN VIA DE LES CORTS CATALANES, 632",41.3890626,2.1679313,16,9,4,0.5625,16,0.5625
288,PL. VIRREI AMAT,41.4296439,2.1744440,32,12,18,0.3750,32,0.3750
289,"C/ MÚRCIA, 64",41.4166982,2.1909952,27,13,14,0.4815,27,0.4815
290,"PL. DELS JARDINS D'ALFÀBIA, 1",41.4373376,2.1740962,17,10,6,0.5882,17,0.5882
291,"C/ CUBELLES, 2",41.4260780,2.1751572,27,2,24,0.0741,27,0.0741
292,"C/ AMILCAR, 1",41.4300161,2.1720191,12,3,9,0.2500,12,0.2500
293,"C/ GRANOLLERS, 1",41.4283127,2.1629889,24,2,21,0.0833,24,0.0833
294,SEU DEL DISTRICTE (NOU BARRIS),41.4363473,2.1706752,24,3,21,0.1250,24,0.1250
295,"C/ SANT ISCLE, 60",41.4333840,2.1716309,27,0,26,0.0000,27,0.0000
296,"C/ DE ROSSELLÓ I PORCEL, 1/AV.MERIDIANA",41.4364887,2.1841014,33,5,27,0.1515,33,0.1515
297,"C/ TURÓ BLAU, 1-3",41.4388223,2.1767828,24,3,21,0.1250,24,0.1250
298,"C/ ANDREU NIN, 22",41.4347233,2.1817718,33,26,6,0.7879,33,0.7879
299,"C/ DE L'ESCULTOR ORDÓÑEZ, 55",41.4340849,2.1748267,27,7,20,0.2593,27,0.2593
300,"C/ DE MALADETA, 1",41.4315843,2.1769107,18,4,14,0.2222,18,0.2222
301,"C/ MARIE CURIE, 8-14",41.4366871,2.1693134,27,1,26,0.0370,27,0.0370
302,"SEIDOR-C/ CAVALLERS, 41",41.3906352,2.1115410,32,1,31,0.0313,32,0.0313
303,"SEIDOR-C/ CAVALLERS, 67",41.3934324,2.1151070,27,7,16,0.2593,27,0.2593
304,"SEIDOR-PG. MANUEL GIRONA, 7",41.3903800,2.1210000,27,5,22,0.1852,27,0.1852
305,"SEIDOR-AV. DIAGONAL, 680",41.3875297,2.1237141,27,1,23,0.0370,27,0.0370
306,"C/ DOCTOR SALVADOR CARDENAL, 1-5",41.3853868,2.1228930,31,13,17,0.4194,31,0.4194
307,C/ PINTOR RIBALTA / AV. XILE,41.3791986,2.1135824,32,15,14,0.4688,32,0.4688
308,"C/ CARDENAL REIG, 11",41.3768400,2.1140290,27,5,22,0.1852,27,0.1852
309,"C/ SANT RAMON NONAT,  26",41.3770199,2.1169828,22,2,19,0.0909,22,0.0909
310,C/ JOSEP SAMITIER / JOAN XXIII,41.3812111,2.1190863,27,7,17,0.2593,27,0.2593
311,"C/ GALLEGO, 2",41.3785631,2.1202487,24,2,21,0.0833,24,0.0833
312,"C/ ARIZALA, 77",41.3789061,2.1233038,36,1,35,0.0278,36,0.0278
313,"C/ FELIU DE CASANOVA, 1",41.3754188,2.1297823,29,2,24,0.0690,29,0.0690
314,"RAMBLA DEL BRASIL, 44",41.3783067,2.1297303,24,2,22,0.0833,24,0.0833
315,"C/ DEL GUINARDÓ, 32-38",41.4156285,2.1817876,27,7,20,0.2593,27,0.2593
316,"C/ CANTÀBRIA, 55",41.4224015,2.1980710,26,6,19,0.2308,26,0.2308
317,"RAMBLA DE PRIM, 256",41.4256626,2.2008632,15,10,14,0.6667,15,0.6667
318,"C/ CASTILLEJOS, 388",41.4124270,2.1705920,32,0,30,0.0000,32,0.0000
319,"C/ SAGUÉS, 1",41.3937414,2.1455022,31,0,29,0.0000,31,0.0000
320,"C/ MADRAZO, 39",41.4003050,2.1491440,27,2,23,0.0741,27,0.0741
321,"C/ SANT HERMENEGILD, 30",41.4031529,2.1445843,27,8,16,0.2963,27,0.2963
322,"C/ SANTALÓ, 165",41.4009000,2.1389200,24,1,22,0.0417,24,0.0417
323,"C/ VALLMAJOR, 13",41.3981616,2.1386719,27,1,24,0.0370,27,0.0370
324,"C/ REINA VICTORIA, 31",41.3969455,2.1363460,27,0,26,0.0000,27,0.0000
325,"C/ ALT DE GIRONELLA, 13",41.3949601,2.1302775,23,14,9,0.6087,23,0.6087
326,"C/ BALMES, 409",41.4074131,2.1381069,32,1,31,0.0313,32,0.0313
327,"C/ REUS, 23",41.4050074,2.1346030,24,5,18,0.2083,24,0.2083
328,"C/ ARTESA DE SEGRE, 2",41.4029880,2.1344691,27,3,23,0.1111,27,0.1111
329,"C/ DE LES ESCOLES PIES, 99",41.4029965,2.1283866,27,2,24,0.0741,27,0.0741
330,"C/ PAU ALCOVER, 94",41.4018830,2.1315240,27,3,22,0.1111,27,0.1111
331,"C/ CASTELLNOU, 65",41.3970497,2.1279409,31,6,25,0.1935,31,0.1935
332,"C/ DOCTOR ROUX, 86",41.3998981,2.1281922,27,3,24,0.1111,27,0.1111
333,"PASSATGE DE SENILLOSA, 3-5",41.3954723,2.1250451,27,4,23,0.1481,27,0.1481
334,"PG. BONANOVA, 100",41.4007930,2.1228890,26,1,23,0.0385,26,0.0385
335,"C/ SANTA AMÈLIA, 2",41.3935355,2.1231228,27,0,25,0.0000,27,0.0000
336,"C/ CAPONATA, 20",41.3953855,2.1210928,25,2,25,0.0800,25,0.0800
337,"C/ CARME KARR, 12-14",41.3986238,2.1204941,23,2,20,0.0870,23,0.0870
338,"AV. JOSEP VICENÇ FOIX, 63",41.3977227,2.1194557,36,8,28,0.2222,36,0.2222
339,"C/ RAMON TURRÓ, 246",41.4017084,2.2053803,27,26,0,0.9630,27,0.9630
340,"C/ SANT ADRIÀ, 113",41.4361782,2.2047037,24,18,6,0.7500,24,0.7500
341,"PG. D'ENRIC SANCHIS, 33",41.4339212,2.2062245,27,22,5,0.8148,27,0.8148
342,"C/ ROC BORONAT, 134",41.4034967,2.1936584,31,26,2,0.8387,31,0.8387
343,CAMPANA DE LA MAQUINISTA (SAO PAULO I P,41.4389609,2.1996179,27,17,8,0.6296,27,0.6296
344,"C/ CIUTAT D'ASUNCIÓN, 73 / POTOSÍ",41.4431441,2.1996045,27,15,12,0.5556,27,0.5556
345,PL. TERESA DE CLARAMUNT/C/ DELS FERROCA,41.3631066,2.1398322,32,19,13,0.5938,32,0.5938
346,"PG. ZONA FRANCA, 182",41.3607980,2.1389310,36,2,32,0.0556,36,0.0556
347,"C/ ALTS FORNS, 77",41.3595484,2.1417765,32,9,21,0.2813,32,0.2813
348,JARDINS DE CAN FERRERO/PG.DE LA ZONA FR,41.3570670,2.1415630,33,11,22,0.3333,33,0.3333
349,"C/ DE L'ENERGIA, 2 / ALTS FORNS",41.3573288,2.1371996,32,7,26,0.2188,32,0.2188
350,"C/ VILLARROEL, 208",41.3920520,2.1480223,31,1,28,0.0323,31,0.0323
351,"C/ JANE ADDAMS, 26/ CRTA. DEL PRAT",41.3621232,2.1356187,33,7,26,0.2121,33,0.2121
352,"C/RADI,10/GRAN VIA DE LES CORTS CATALA",41.3632790,2.1341586,28,16,11,0.5714,28,0.5714
353,C/ MUNNÉ  2-6,41.3754100,2.1232547,31,3,25,0.0968,31,0.0968
354,"RAMBLA DEL BRASIL, 5",41.3759419,2.1299539,27,0,26,0.0000,27,0.0000
355,"C/ RIERA BLANCA, 123",41.3714590,2.1278540,27,3,24,0.1111,27,0.1111
356,"C/ CAMÈLIES, 73",41.4134503,2.1631012,35,3,31,0.0857,35,0.0857
357,"C/ CARDENER, 59",41.4105956,2.1579897,27,0,24,0.0000,27,0.0000
358,"C/ GOMBAU, 24",41.3872437,2.1793035,26,19,5,0.7308,26,0.7308
359,"C/ MÉNDEZ NÚÑEZ, 16",41.3900544,2.1775594,26,16,9,0.6154,26,0.6154
360,"C/ BAILÉN, 62",41.3952527,2.1730023,30,4,25,0.1333,30,0.1333
361,PG. DE COLOM (LES RAMBLES),41.3765200,2.1788100,33,32,1,0.9697,33,0.9697
362,"C/ BAILÉN, 100",41.3969940,2.1706323,32,5,27,0.1563,32,0.1563
363,"C/ BRUC, 20",41.3908381,2.1743743,24,9,15,0.3750,24,0.3750
364,"PG. DE GRÀCIA, 61",41.3930620,2.1633226,33,12,20,0.3636,33,0.3636
365,"C/ VILADOMAT, 244",41.3875712,2.1469336,31,1,28,0.0323,31,0.0323
366,"LA RAMBLA, 75",41.3811389,2.1729755,18,16,0,0.8889,18,0.8889
367,"C/ MARQUÈS DE SENTMENAT, 46",41.3849720,2.1376205,32,1,29,0.0313,32,0.0313
368,"C/ DIPUTACIÓ, 373",41.3968391,2.1756598,27,1,25,0.0370,27,0.0370
369,"C/ CONSELL DE CENT, 482",41.4001300,2.1780175,27,3,19,0.1111,27,0.1111
370,"C/ SARDENYA, 326",41.4039698,2.1729061,32,0,31,0.0000,32,0.0000
371,"C/ DELS ENAMORATS, 49",41.4040525,2.1811990,36,3,32,0.0833,36,0.0833
372,"C/ RIBES, 77",41.4001015,2.1841711,27,21,3,0.7778,27,0.7778
373,"AV. PARAL.LEL, 132",41.3750995,2.1613897,30,17,12,0.5667,30,0.5667
374,"PG. DE GRÀCIA, 89",41.3949729,2.1612814,33,5,25,0.1515,33,0.1515
375,WORLD TRADE CENTER,41.3720293,2.1804468,39,22,17,0.5641,39,0.5641
376,WORLD  TRADE CENTER,41.3718728,2.1803020,39,20,18,0.5128,39,0.5128
377,PL. ICTÍNEO,41.3776292,2.1836886,29,17,10,0.5862,29,0.5862
378,"PL. JOAQUIM XIRAU I PALAU, 1",41.3785379,2.1767427,21,18,2,0.8571,21,0.8571
379,"AV. JOSEP TARRADELLAS, 27",41.3829333,2.1420704,21,1,19,0.0476,21,0.0476
380,"C/ DURAN I BAS, 2",41.3854094,2.1740155,24,8,15,0.3333,24,0.3333
381,"C/ AGUSTÍ DURAN I SANPERE, 10",41.3816139,2.1677697,41,13,25,0.3171,41,0.3171
382,"C/ LOPE DE VEGA, 79",41.4038902,2.2041137,27,25,1,0.9259,27,0.9259
383,"C/ NUMÀNCIA, 2",41.3812190,2.1417670,24,8,15,0.3333,24,0.3333
384,"C/ VILAMARÍ, 85",41.3807072,2.1468381,26,1,23,0.0385,26,0.0385
385,"C/ CASANOVA, 119",41.3878880,2.1552902,30,0,29,0.0000,30,0.0000
386,AV. PARAL.LEL 164,41.3751866,2.1568773,18,8,7,0.4444,18,0.4444
387,"C/ NÀPOLS, 125",41.3957813,2.1787074,32,6,25,0.1875,32,0.1875
388,"C/ RIERA ALTA, 6",41.3806411,2.1671611,35,13,22,0.3714,35,0.3714
389,RECINTE PARC DE LA CIUTADELLA,41.3873901,2.1875446,27,22,5,0.8148,27,0.8148
390,"C/ COMERÇ, 36",41.3869612,2.1820169,25,20,5,0.8000,25,0.8000
391,"C/ GRAN DE LA SAGRERA, 74",41.4230551,2.1913753,27,8,19,0.2963,27,0.2963
392,"C/ RAMON TURRÓ, 4",41.3905303,2.1906339,19,18,0,0.9474,19,0.9474
393,"C/ LLACUNA, 86",41.4022657,2.1976297,32,27,1,0.8438,32,0.8438
394,"C/ DIPUTACIÓ, 226",41.3873057,2.1631263,27,16,11,0.5926,27,0.5926
395,"PL. CATALUNYA, 22",41.3860607,2.1702467,32,28,0,0.8750,32,0.8750
396,"C/ JOAN MIRÓ, 2-12",41.3890253,2.1968267,32,3,28,0.0938,32,0.0938
397,AV. LITORAL (PG MARÍTIM DEL PORT OLÍMPI,41.3889129,2.1993105,27,13,12,0.4815,27,0.4815
398,PG. MARÍTIM DE LA BARCELONETA/ANDREA DÒ,41.3809550,2.1934636,35,24,10,0.6857,35,0.6857
399,"C/ PAVIA, 3",41.3734706,2.1332694,27,11,16,0.4074,27,0.4074
400,MOLL ORIENTAL,41.3694508,2.1879597,44,2,40,0.0455,44,0.0455
401,PLA DE PALAU,41.3824180,2.1837230,24,18,6,0.7500,24,0.7500
402,PG. DE COLOM (VIA LAIETANA),41.3806280,2.1821917,31,30,0,0.9677,31,0.9677
403,"C/ VALLESPIR, 49",41.3796421,2.1368202,22,2,20,0.0909,22,0.0909
404,"C/ JUAN GRIS, 28",41.3653426,2.1331357,32,8,24,0.2500,32,0.2500
405,"C/ COMTE BORRELL, 198",41.3854003,2.1521802,26,1,25,0.0385,26,0.0385
406,"GRAN VIA DE LES CORTS CATALANES, 592",41.3863747,2.1646697,33,30,0,0.9091,33,0.9091
408,"C/ RAMON TRIAS FARGAS, 23",41.3889972,2.1923283,39,13,26,0.3333,39,0.3333
409,"C/ JOAN D'ÀUSTRIA, 31B",41.3923840,2.1925059,27,23,3,0.8519,27,0.8519
410,PG.DE COLOM (LES RAMBLES),41.3764330,2.1787100,38,28,5,0.7368,38,0.7368
411,"C/ JOSEP PLA, 67",41.4113810,2.2122054,24,13,8,0.5417,24,0.5417
412,"PL. URQUINAONA, 3",41.3893094,2.1727457,27,6,15,0.2222,27,0.2222
413,"C/ BRUC, 66",41.3934890,2.1707419,32,7,20,0.2188,32,0.2188
415,"RAMBLA DEL RAVAL, 13",41.3793558,2.1689592,25,10,13,0.4000,25,0.4000
416,"UAB - RAMBLA DEL RAVAL, 20",41.3781065,2.1696744,27,10,17,0.3704,27,0.3704
417,"C/ VILLAR, 2",41.4164824,2.1801094,32,5,22,0.1563,32,0.1563
418,UAB - PG. DE LLUíS COMPANYS (ARC DE TRIOMF),41.3910620,2.1801142,27,14,9,0.5185,27,0.5185
419,PG. DE LLUIS COMPAYNS (ARC DE TRIOMF),41.3913130,2.1808391,33,29,2,0.8788,33,0.8788
420,"GRAN VIA DE LES CORTS CATALANES, 368",41.3743329,2.1479385,27,12,13,0.4444,27,0.4444
421,"C/ VALLESPIR, 13",41.3781180,2.1378667,25,2,21,0.0800,25,0.0800
422,"SEIDOR-C/ JORDI GIRONA, 29",41.3881175,2.1154135,28,15,12,0.5357,28,0.5357
423,"C/ HONDURAS, 32-34",41.4202459,2.1894852,32,10,21,0.3125,32,0.3125
424,PG. MARÍTIM DE LA BARCELONETA,41.3795862,2.1925198,27,23,3,0.8519,27,0.8519
425,"C/ DE CERVELLÓ, 5",41.3765618,2.1748621,24,23,1,0.9583,24,0.9583
426,"C/ DE RIBES, 59 B",41.3982800,2.1830315,33,21,11,0.6364,33,0.6364
427,"C/ DE SANT PAU, 119/ RONDA SANT PAU",41.3754047,2.1680021,26,23,0,0.8846,26,0.8846
428,"C/ PUJADES, 103",41.3983902,2.1960799,33,31,0,0.9394,33,0.9394
429,"SEIDOR-C/ GRAN CAPITÀ, 9",41.3881262,2.1091535,28,4,24,0.1429,28,0.1429
430,"SEIDOR-C/ ALFAMBRA, 2 | AV. DIAGONAL",41.3856410,2.1130960,28,13,14,0.4643,28,0.4643
431,"AV. JOAN XXIII, 17",41.3834670,2.1221750,20,1,18,0.0500,20,0.0500
432,"C/ MARTÍ I FRANQUÈS, 1",41.3847061,2.1170751,28,10,18,0.3571,28,0.3571
433,"SEIDOR-C/ JOHN MAYNARD KEYNES, 2 | AV. DGNAL.",41.3862258,2.1168609,42,8,31,0.1905,42,0.1905
434,"C/ ROGER, 24",41.3767538,2.1269152,27,1,25,0.0370,27,0.0370
435,"AV. DOCTOR MARAÑON, 25 | C/ PAU GARGALLO",41.3835850,2.1121860,28,2,22,0.0714,28,0.0714
436,"PG. ZONA FRANCA, 54",41.3545425,2.1433038,19,6,13,0.3158,19,0.3158
437,"PG. ZONA FRANCA, 9",41.3513237,2.1450958,36,2,34,0.0556,36,0.0556
438,"C/ NÀPOLS, 183",41.3981669,2.1754896,27,4,19,0.1481,27,0.1481
439,"RBLA. BADAL, 73 | C/ CONSTITUCIÓ",41.3685394,2.1328403,18,13,3,0.7222,18,0.7222
440,"C/ SELVA DE MAR, 230",41.4176940,2.1976864,26,15,10,0.5769,26,0.5769
441,"C/ WATT, 2",41.3754426,2.1398409,18,2,14,0.1111,18,0.1111
442,"C/ MINERIA, 30",41.3649272,2.1385990,18,3,13,0.1667,18,0.1667
443,"C/ CASANOVA, 139",41.3887127,2.1542277,32,0,30,0.0000,32,0.0000
444,"C/ LLEIDA, 40",41.3717304,2.1554047,27,15,8,0.5556,27,0.5556
445,"C/ VILAMARÍ, 2",41.3755016,2.1540040,24,0,23,0.0000,24,0.0000
446,"PG. JOAN DE BORBÓ, 42",41.3779974,2.1884228,15,7,6,0.4667,15,0.4667
447,"C/ ALMOGÀVERS, 63",41.3943033,2.1860256,27,20,0,0.7407,27,0.7407
448,"C/ RAMÓN TURRÓ, 160",41.3972809,2.1997869,27,23,3,0.8519,27,0.8519
449,"C/ BOLIVIA, 120",41.4058109,2.1949461,27,17,6,0.6296,27,0.6296
450,"C/ CRISTOBAL DE MOURA, 84",41.4107120,2.2061691,27,5,22,0.1852,27,0.1852
451,"C/ PALLARS, 504",41.4140598,2.2150487,24,17,5,0.7083,24,0.7083
452,"GRAN VIA DE LES CORTS CATALANES, 1157 (D)",41.4194972,2.2093400,54,12,42,0.2222,54,0.2222
454,"C/ SARDENYA, 402",41.4072349,2.1684799,27,2,23,0.0741,27,0.0741
455,"C/ PROVENÇA, 595",41.4105848,2.1826833,22,3,18,0.1364,22,0.1364
456,"C/ MÚRCIA, 1",41.4143392,2.1874539,20,1,19,0.0500,20,0.0500
457,"C/ GRANADELLA, 10-19 | C/ SAS",41.4383117,2.2039823,18,5,13,0.2778,18,0.2778
458,"C/ TUCUMÁN, 21",41.4457962,2.2010422,24,16,7,0.6667,24,0.6667
459,"PG. SANTA COLOMA, 105",41.4479402,2.1976757,39,29,9,0.7436,39,0.7436
460,"C/ MIREIA, 28",41.4513863,2.1894717,15,5,9,0.3333,15,0.3333
461,"AV. RIO DE JANEIRO, 118",41.4424890,2.1857270,28,1,26,0.0357,28,0.0357
462,"C/ PALAMÓS, 33",41.4469230,2.1848570,28,0,28,0.0000,28,0.0000
463,"C/ PEDROSA, 24",41.4490679,2.1833801,24,4,20,0.1667,24,0.1667
464,"AV. RIO DE JANEIRO, 96",41.4396920,2.1823350,24,2,22,0.0833,24,0.0833
465,"C/ ROSSELLÓ, 261",41.3954094,2.1599427,27,3,23,0.1111,27,0.1111
466,"C/ PABLO IGLESIAS, 21",41.4433870,2.1813051,30,1,29,0.0333,30,0.0333
467,PL. JESÚS CARRASCO,41.4450463,2.1767260,20,1,18,0.0500,20,0.0500
468,"C/ NOU BARRIS, 23",41.4480464,2.1775154,18,0,0,0.0000,18,0.0000
469,"C/ SANT FRANCESC XAVIER, 1",41.4417001,2.1781553,12,0,12,0.0000,12,0.0000
470,"C/ GÒNGORA, 23",41.4432762,2.1746238,24,1,23,0.0417,24,0.0417
471,"PG. VALLDAURA, 171",41.4389014,2.1715576,24,2,22,0.0833,24,0.0833
472,"VIA FAVÈNCIA, 186",41.4427374,2.1703930,24,2,22,0.0833,24,0.0833
473,"PG. FABRA I PUIG, 449",41.4388644,2.1657506,20,0,20,0.0000,20,0.0000
474,"VIA FAVÈNCIA, 47",41.4418604,2.1664224,24,5,19,0.2083,24,0.2083
475,"C/ CAMPO FLORIDO, 66",41.4216738,2.1799878,19,0,18,0.0000,19,0.0000
476,"C/ PERIODISTES, 9",41.4220370,2.1744010,18,0,18,0.0000,18,0.0000
477,"C/ AMILCAR, 78",41.4260751,2.1722534,26,15,11,0.5769,26,0.5769
478,"C/ ESCULTOR LLIMONA, 7",41.4276076,2.1697582,30,2,28,0.0667,30,0.0667
479,"PG. FABRA I PUIG, 344",41.4306230,2.1671068,18,1,17,0.0556,18,0.0556
480,"PG. FABRA I PUIG, 385",41.4333259,2.1629258,28,3,23,0.1071,28,0.1071
481,"PG. FABRA I PUIG, 411",41.4357978,2.1638720,26,8,18,0.3077,26,0.3077
482,"PG. UNIVERSAL, 29 | C/ DOCTOR LETAMENDI",41.4372022,2.1620235,23,4,19,0.1739,23,0.1739
483,"C/ LISBOA, 1",41.4295617,2.1589685,29,9,20,0.3103,29,0.3103
484,"C/ EDUARD TODA, 33 | C/ DOCTOR LETAMENDI",41.4345997,2.1585268,27,1,25,0.0370,27,0.0370
485,"PG. VALLDAURA, 26",41.4374904,2.1565742,27,2,25,0.0741,27,0.0741
486,"C/ PORTO, 35 | AV. ESTATUT DE CATALUNYA",41.4306102,2.1564551,28,6,21,0.2143,28,0.2143
487,"C/ LISBOA, 128",41.4267638,2.1521909,27,4,23,0.1481,27,0.1481
488,"AV. CAN MARCET, 36",41.4347859,2.1479040,27,0,26,0.0000,27,0.0000
489,"C/ JORGE MANRIQUE, 15",41.4312335,2.1499103,27,15,12,0.5556,27,0.5556
490,"PG. VALL D'HEBRÓN, 168",41.4280668,2.1443777,50,1,48,0.0200,50,0.0200
491,"C/ PARE MARIANA, 24",41.4306689,2.1456449,27,0,27,0.0000,27,0.0000
492,PL. TETUAN,41.3943454,2.1751709,24,4,17,0.1667,24,0.1667
493,"PG. VALL D'HEBRÓN, 80",41.4199650,2.1401823,24,2,21,0.0833,24,0.0833
495,"C/ DIPUTACIÓ, 22",41.3778460,2.1505230,21,4,17,0.1905,21,0.1905
496,"C/ PROVENÇA,  445",41.4048623,2.1747990,18,3,15,0.1667,18,0.1667
497,"PTGE. MALUQUER, 16",41.4095489,2.1360313,27,0,26,0.0000,27,0.0000
498,"C/ ESTEVE TERRADAS, 42",41.4144967,2.1402433,26,4,22,0.1538,26,0.1538
499,"AV. VALLCARCA, 196",41.4160558,2.1421504,27,0,27,0.0000,27,0.0000
500,"C/ ARGENTERA, 23",41.4117633,2.1453424,23,3,18,0.1304,23,0.1304
501,"C/ ELISA, 1",41.4052698,2.1420204,16,4,11,0.2500,16,0.2500
502,"AV. VALLCARCA, 11",41.4074444,2.1492066,18,0,17,0.0000,18,0.0000
503,"C/ MAIGNON, 31-41",41.4095926,2.1524953,30,0,29,0.0000,30,0.0000
504,"C/ MASSENS, 76",41.4092333,2.1557747,28,3,23,0.1071,28,0.1071
505,"C/ CAMÈLIES, 78",41.4145614,2.1658677,27,1,26,0.0370,27,0.0370
506,"C/ GARRIGA I ROCA, 2",41.4191957,2.1718497,15,3,11,0.2000,15,0.2000
507,"C/ SARDENYA, 494",41.4107641,2.1640965,24,1,22,0.0417,24,0.0417
508,"C/ SARDENYA, 465",41.4090922,2.1656378,27,0,26,0.0000,27,0.0000
509,"C/ TORRENT DE L'OLLA, 11",41.3989713,2.1606736,32,2,26,0.0625,32,0.0625
510,"C/ GRAN DE GRÀCIA, 37",41.3989151,2.1564253,27,3,23,0.1111,27,0.1111
511,"C/ GRAN DE GRÀCIA, 91",41.4006862,2.1543317,20,10,8,0.5000,20,0.5000
512,"C/ D'ALACANT, 12",41.4000778,2.1326911,27,1,26,0.0370,27,0.0370
513,"VIA AUGUSTA, 317",41.3990170,2.1243290,28,1,26,0.0357,28,0.0357
514,"C/ ARAGÓ, 614",41.4095069,2.1885055,18,0,18,0.0000,18,0.0000
515,"C/ SANT ADRIÀ, 43",41.4352071,2.1948002,24,9,14,0.3750,24,0.3750
516,"C/ SANT ADRIÀ, 88",41.4354601,2.2001569,21,7,14,0.3333,21,0.3333
517,"AV. RASOS DE PEGUERA, 10",41.4620950,2.1789590,20,10,10,0.5000,20,0.5000
518,"C/ LLOBREGÓS, 115",41.4246885,2.1570492,27,4,23,0.1481,27,0.1481
519,"C/ PEDRELL, 52",41.4246548,2.1662890,24,0,24,0.0000,24,0.0000
